YY,Zona,Region,ZZ,M,MM,anchoveta,sardina,Pa,Ps,pmix
1991,Centro-Sur,VIII,Centro,1,Ene,43889,63617,1,1,1
1991,Centro-Sur,VIII,Centro,2,Feb,53631,73751,1,1,1
1991,Centro-Sur,VIII,Centro,3,Mar,56307,119359,1,1,1
1991,Centro-Sur,VIII,Centro,4,Abr,25879,59288,1,1,1
1991,Centro-Sur,VIII,Centro,5,May,14806,9768,1,1,1
1991,Centro-Sur,VIII,Centro,6,Jun,16429,9092,1,1,1
1991,Centro-Sur,VIII,Centro,7,Jul,15940,5106,1,1,1
1991,Centro-Sur,VIII,Centro,8,Ago,10576,13397,1,1,1
1991,Centro-Sur,VIII,Centro,9,Sep,7222,7353,1,1,1
1991,Centro-Sur,VIII,Centro,10,Oct,3536,25806,1,1,1
1991,Centro-Sur,VIII,Centro,11,Nov,12530,30053,1,1,1
1991,Centro-Sur,VIII,Centro,12,Dic,9272,52203,1,1,1
1992,Centro-Sur,VIII,Centro,1,Ene,33013,146595,1,1,1
1992,Centro-Sur,VIII,Centro,2,Feb,31878,74961,1,1,1
1992,Centro-Sur,VIII,Centro,3,Mar,76137,56850,1,1,1
1992,Centro-Sur,VIII,Centro,4,Abr,60069,28429,1,1,1
1992,Centro-Sur,VIII,Centro,5,May,21313,4386,1,1,1
1992,Centro-Sur,VIII,Centro,6,Jun,518,433,1,1,1
1992,Centro-Sur,VIII,Centro,7,Jul,14168,9683,1,1,1
1992,Centro-Sur,VIII,Centro,8,Ago,3326,3790,1,1,1
1992,Centro-Sur,VIII,Centro,9,Sep,3226,2612,1,1,1
1992,Centro-Sur,VIII,Centro,10,Oct,738,2635,1,1,1
1992,Centro-Sur,VIII,Centro,11,Nov,5138,17757,1,1,1
1992,Centro-Sur,VIII,Centro,12,Dic,12714,24106,1,1,1
1993,Centro-Sur,VIII,Centro,1,Ene,35077,29813,1,1,1
1993,Centro-Sur,VIII,Centro,2,Feb,52121,39127,1,1,1
1993,Centro-Sur,VIII,Centro,3,Mar,15182,16320,1,1,1
1993,Centro-Sur,VIII,Centro,4,Abr,20980,15301,1,1,1
1993,Centro-Sur,VIII,Centro,5,May,30516,4897,1,1,1
1993,Centro-Sur,VIII,Centro,6,Jun,5400,483,1,1,1
1993,Centro-Sur,VIII,Centro,7,Jul,7989,1307,1,1,1
1993,Centro-Sur,VIII,Centro,8,Ago,3278,1643,1,1,1
1993,Centro-Sur,VIII,Centro,9,Sep,2818,1348,1,1,1
1993,Centro-Sur,VIII,Centro,10,Oct,2652,2352,1,1,1
1993,Centro-Sur,VIII,Centro,11,Nov,14826,19001,1,1,1
1993,Centro-Sur,VIII,Centro,12,Dic,15087,32364,1,1,1
1994,Centro-Sur,VIII,Centro,1,Ene,32960,66181,1,1,1
1994,Centro-Sur,VIII,Centro,2,Feb,71971,70518,1,1,1
1994,Centro-Sur,VIII,Centro,3,Mar,122588,38487,1,1,1
1994,Centro-Sur,VIII,Centro,4,Abr,63883,14539,1,1,1
1994,Centro-Sur,VIII,Centro,5,May,47349,3669,1,1,1
1994,Centro-Sur,VIII,Centro,6,Jun,19178,7748,1,1,1
1994,Centro-Sur,VIII,Centro,7,Jul,13959,3633,1,1,1
1994,Centro-Sur,VIII,Centro,8,Ago,14285,4831,1,1,1
1994,Centro-Sur,VIII,Centro,9,Sep,5207,2029,1,1,1
1994,Centro-Sur,VIII,Centro,10,Oct,26497,15032,1,1,1
1994,Centro-Sur,VIII,Centro,11,Nov,26800,23073,1,1,1
1994,Centro-Sur,VIII,Centro,12,Dic,29665,25069,1,1,1
1995,Centro-Sur,VIII,Centro,1,Ene,38426,18016,1,1,1
1995,Centro-Sur,VIII,Centro,2,Feb,67252,11422,1,1,1
1995,Centro-Sur,VIII,Centro,3,Mar,18124,5826,1,1,1
1995,Centro-Sur,VIII,Centro,4,Abr,9339,1973,1,1,1
1995,Centro-Sur,VIII,Centro,5,May,12525,2505,1,1,1
1995,Centro-Sur,VIII,Centro,6,Jun,3979,399,1,1,1
1995,Centro-Sur,VIII,Centro,7,Jul,3276,813,1,1,1
1995,Centro-Sur,VIII,Centro,8,Ago,613,488,1,1,1
1995,Centro-Sur,VIII,Centro,9,Sep,6567,4348,1,1,1
1995,Centro-Sur,VIII,Centro,10,Oct,26099,21699,1,1,1
1995,Centro-Sur,VIII,Centro,11,Nov,10107,7045,1,1,1
1995,Centro-Sur,VIII,Centro,12,Dic,60136,102654,1,1,1
1996,Centro-Sur,VIII,Centro,1,Ene,65254,131060,1,1,1
1996,Centro-Sur,VIII,Centro,2,Feb,102248,124046,1,1,1
1996,Centro-Sur,VIII,Centro,3,Mar,64707,82096,1,1,1
1996,Centro-Sur,VIII,Centro,4,Abr,26172,36404,1,1,1
1996,Centro-Sur,VIII,Centro,5,May,15633,16992,1,1,1
1996,Centro-Sur,VIII,Centro,6,Jun,8428,14226,1,1,1
1996,Centro-Sur,VIII,Centro,7,Jul,4503,19707,1,1,1
1996,Centro-Sur,VIII,Centro,8,Ago,5372,12020,1,1,1
1996,Centro-Sur,VIII,Centro,9,Sep,21260,36290,1,1,1
1996,Centro-Sur,VIII,Centro,10,Oct,25034,48106,1,1,1
1996,Centro-Sur,VIII,Centro,11,Nov,7354,17929,1,1,1
1996,Centro-Sur,VIII,Centro,12,Dic,14863,58656,1,1,1
1997,Centro-Sur,VIII,Centro,1,Ene,56229,101812,1,1,1
1997,Centro-Sur,VIII,Centro,2,Feb,63232,62481,1,1,1
1997,Centro-Sur,VIII,Centro,3,Mar,85899,121358,1,1,1
1997,Centro-Sur,VIII,Centro,4,Abr,36206,63435,1,1,1
1997,Centro-Sur,VIII,Centro,5,May,23937,38259,1,1,1
1997,Centro-Sur,VIII,Centro,6,Jun,6867,10434,1,1,1
1997,Centro-Sur,VIII,Centro,7,Jul,1335,6861,1,1,1
1997,Centro-Sur,VIII,Centro,8,Ago,2144,7536,1,1,1
1997,Centro-Sur,VIII,Centro,9,Sep,5385,10925,1,1,1
1997,Centro-Sur,VIII,Centro,10,Oct,4415,11096,1,1,1
1997,Centro-Sur,VIII,Centro,11,Nov,6454,6903,1,1,1
1997,Centro-Sur,VIII,Centro,12,Dic,5,49,1,1,1
1998,Centro-Sur,V,Norte,1,Ene,403,62,1,1,1
1998,Centro-Sur,V,Norte,2,Feb,1598,115,1,1,1
1998,Centro-Sur,V,Norte,3,Mar,3643,79,1,1,1
1998,Centro-Sur,V,Norte,4,Abr,3585,2,1,1,1
1998,Centro-Sur,V,Norte,5,May,543,15,1,1,1
1998,Centro-Sur,V,Norte,6,Jun,265,1,1,1,1
1998,Centro-Sur,V,Norte,7,Jul,221,4,1,1,1
1998,Centro-Sur,V,Norte,8,Ago,254,25,1,1,1
1998,Centro-Sur,V,Norte,9,Sep,1894,58,1,1,1
1998,Centro-Sur,V,Norte,10,Oct,485,159,1,1,1
1998,Centro-Sur,V,Norte,11,Nov,68,31,1,1,1
1998,Centro-Sur,V,Norte,12,Dic,54,0,1,0,0
1998,Centro-Sur,VI,Norte,1,Ene,0,0,0,0,0
1998,Centro-Sur,VI,Norte,2,Feb,0,0,0,0,0
1998,Centro-Sur,VI,Norte,3,Mar,0,0,0,0,0
1998,Centro-Sur,VI,Norte,4,Abr,0,0,0,0,0
1998,Centro-Sur,VI,Norte,5,May,0,0,0,0,0
1998,Centro-Sur,VI,Norte,6,Jun,0,0,0,0,0
1998,Centro-Sur,VI,Norte,7,Jul,0,0,0,0,0
1998,Centro-Sur,VI,Norte,8,Ago,0,0,0,0,0
1998,Centro-Sur,VI,Norte,9,Sep,0,0,0,0,0
1998,Centro-Sur,VI,Norte,10,Oct,0,0,0,0,0
1998,Centro-Sur,VI,Norte,11,Nov,0,0,0,0,0
1998,Centro-Sur,VI,Norte,12,Dic,0,0,0,0,0
1998,Centro-Sur,VII,Norte,1,Ene,0,0,0,0,0
1998,Centro-Sur,VII,Norte,2,Feb,0,0,0,0,0
1998,Centro-Sur,VII,Norte,3,Mar,0,0,0,0,0
1998,Centro-Sur,VII,Norte,4,Abr,0,0,0,0,0
1998,Centro-Sur,VII,Norte,5,May,0,0,0,0,0
1998,Centro-Sur,VII,Norte,6,Jun,0,0,0,0,0
1998,Centro-Sur,VII,Norte,7,Jul,0,0,0,0,0
1998,Centro-Sur,VII,Norte,8,Ago,0,0,0,0,0
1998,Centro-Sur,VII,Norte,9,Sep,0,0,0,0,0
1998,Centro-Sur,VII,Norte,10,Oct,0,0,0,0,0
1998,Centro-Sur,VII,Norte,11,Nov,0,0,0,0,0
1998,Centro-Sur,VII,Norte,12,Dic,0,0,0,0,0
1998,Centro-Sur,VIII,Centro,1,Ene,20768,32879,1,1,1
1998,Centro-Sur,VIII,Centro,2,Feb,21411,34149,1,1,1
1998,Centro-Sur,VIII,Centro,3,Mar,28511,34360,1,1,1
1998,Centro-Sur,VIII,Centro,4,Abr,24757,32095,1,1,1
1998,Centro-Sur,VIII,Centro,5,May,20038,22531,1,1,1
1998,Centro-Sur,VIII,Centro,6,Jun,32536,24687,1,1,1
1998,Centro-Sur,VIII,Centro,7,Jul,16975,15311,1,1,1
1998,Centro-Sur,VIII,Centro,8,Ago,15088,21307,1,1,1
1998,Centro-Sur,VIII,Centro,9,Sep,25921,20586,1,1,1
1998,Centro-Sur,VIII,Centro,10,Oct,24525,23168,1,1,1
1998,Centro-Sur,VIII,Centro,11,Nov,26245,31537,1,1,1
1998,Centro-Sur,VIII,Centro,12,Dic,4918,7003,1,1,1
1998,Centro-Sur,IX,Sur,1,Ene,0,0,0,0,0
1998,Centro-Sur,IX,Sur,2,Feb,0,0,0,0,0
1998,Centro-Sur,IX,Sur,3,Mar,0,0,0,0,0
1998,Centro-Sur,IX,Sur,4,Abr,0,0,0,0,0
1998,Centro-Sur,IX,Sur,5,May,0,0,0,0,0
1998,Centro-Sur,IX,Sur,6,Jun,0,0,0,0,0
1998,Centro-Sur,IX,Sur,7,Jul,0,0,0,0,0
1998,Centro-Sur,IX,Sur,8,Ago,0,0,0,0,0
1998,Centro-Sur,IX,Sur,9,Sep,0,0,0,0,0
1998,Centro-Sur,IX,Sur,10,Oct,0,0,0,0,0
1998,Centro-Sur,IX,Sur,11,Nov,0,0,0,0,0
1998,Centro-Sur,IX,Sur,12,Dic,0,0,0,0,0
1999,Centro-Sur,VI,Norte,12,Dic,0,0,0,0,0
1999,Centro-Sur,VII,Norte,1,Ene,0,0,0,0,0
1999,Centro-Sur,VII,Norte,2,Feb,0,0,0,0,0
1999,Centro-Sur,VII,Norte,3,Mar,0,0,0,0,0
1999,Centro-Sur,VII,Norte,4,Abr,0,0,0,0,0
1999,Centro-Sur,VII,Norte,5,May,0,0,0,0,0
1999,Centro-Sur,VII,Norte,6,Jun,0,0,0,0,0
1999,Centro-Sur,VII,Norte,7,Jul,0,0,0,0,0
1999,Centro-Sur,VII,Norte,8,Ago,0,0,0,0,0
1999,Centro-Sur,VII,Norte,9,Sep,0,0,0,0,0
1999,Centro-Sur,VII,Norte,10,Oct,0,0,0,0,0
1999,Centro-Sur,VII,Norte,11,Nov,0,0,0,0,0
1999,Centro-Sur,VII,Norte,12,Dic,0,0,0,0,0
1999,Centro-Sur,VIII,Centro,1,Ene,70908,124293,1,1,1
1999,Centro-Sur,VIII,Centro,2,Feb,134874,153711,1,1,1
1999,Centro-Sur,VIII,Centro,3,Mar,182227,170646,1,1,1
1999,Centro-Sur,VIII,Centro,4,Abr,124615,94958,1,1,1
1999,Centro-Sur,VIII,Centro,5,May,155362,99699,1,1,1
1999,Centro-Sur,VIII,Centro,6,Jun,68150,38220,1,1,1
1999,Centro-Sur,VIII,Centro,7,Jul,14611,12524,1,1,1
1999,Centro-Sur,VIII,Centro,8,Ago,419,55,1,1,1
1999,Centro-Sur,VIII,Centro,9,Sep,15805,10599,1,1,1
1999,Centro-Sur,VIII,Centro,10,Oct,83605,29191,1,1,1
1999,Centro-Sur,VIII,Centro,11,Nov,31645,10680,1,1,1
1999,Centro-Sur,VIII,Centro,12,Dic,2566,3480,1,1,1
1999,Centro-Sur,IX,Sur,1,Ene,0,0,0,0,0
1999,Centro-Sur,IX,Sur,2,Feb,0,0,0,0,0
1999,Centro-Sur,IX,Sur,3,Mar,0,0,0,0,0
1999,Centro-Sur,IX,Sur,4,Abr,0,0,0,0,0
1999,Centro-Sur,IX,Sur,5,May,0,0,0,0,0
1999,Centro-Sur,IX,Sur,6,Jun,0,0,0,0,0
1999,Centro-Sur,IX,Sur,7,Jul,0,0,0,0,0
1999,Centro-Sur,IX,Sur,8,Ago,0,0,0,0,0
1999,Centro-Sur,IX,Sur,9,Sep,0,0,0,0,0
1999,Centro-Sur,IX,Sur,10,Oct,0,0,0,0,0
1999,Centro-Sur,IX,Sur,11,Nov,0,0,0,0,0
1999,Centro-Sur,IX,Sur,12,Dic,0,0,0,0,0
2000,Centro-Sur,V,Norte,1,Ene,144,2117,1,1,1
2000,Centro-Sur,V,Norte,2,Feb,2845,1032,1,1,1
2000,Centro-Sur,V,Norte,3,Mar,14510,2045,1,1,1
2000,Centro-Sur,V,Norte,4,Abr,6819,1376,1,1,1
2000,Centro-Sur,V,Norte,5,May,7,0,1,0,0
2000,Centro-Sur,V,Norte,6,Jun,0,0,0,0,0
2000,Centro-Sur,V,Norte,7,Jul,0,0,0,0,0
2000,Centro-Sur,V,Norte,8,Ago,0,0,0,0,0
2000,Centro-Sur,V,Norte,9,Sep,0,0,0,0,0
2000,Centro-Sur,V,Norte,10,Oct,0,0,0,0,0
2000,Centro-Sur,V,Norte,11,Nov,0,0,0,0,0
2000,Centro-Sur,V,Norte,12,Dic,0,0,0,0,0
2000,Centro-Sur,VI,Norte,1,Ene,0,0,0,0,0
2000,Centro-Sur,VI,Norte,2,Feb,0,0,0,0,0
2000,Centro-Sur,VI,Norte,3,Mar,0,0,0,0,0
2000,Centro-Sur,VI,Norte,4,Abr,0,0,0,0,0
2000,Centro-Sur,VI,Norte,5,May,0,0,0,0,0
2000,Centro-Sur,VI,Norte,6,Jun,0,0,0,0,0
2000,Centro-Sur,VI,Norte,7,Jul,0,0,0,0,0
2000,Centro-Sur,VI,Norte,8,Ago,0,0,0,0,0
2000,Centro-Sur,VI,Norte,9,Sep,0,0,0,0,0
2000,Centro-Sur,VI,Norte,10,Oct,0,0,0,0,0
2000,Centro-Sur,VI,Norte,11,Nov,0,0,0,0,0
2000,Centro-Sur,VI,Norte,12,Dic,0,0,0,0,0
2000,Centro-Sur,VII,Norte,1,Ene,0,0,0,0,0
2000,Centro-Sur,VII,Norte,2,Feb,0,0,0,0,0
2000,Centro-Sur,VII,Norte,3,Mar,0,0,0,0,0
2000,Centro-Sur,VII,Norte,4,Abr,0,0,0,0,0
2000,Centro-Sur,VII,Norte,5,May,0,0,0,0,0
2000,Centro-Sur,VII,Norte,6,Jun,0,0,0,0,0
2000,Centro-Sur,VII,Norte,7,Jul,0,0,0,0,0
2000,Centro-Sur,VII,Norte,8,Ago,0,0,0,0,0
2000,Centro-Sur,VII,Norte,9,Sep,0,0,0,0,0
2000,Centro-Sur,VII,Norte,10,Oct,0,0,0,0,0
2000,Centro-Sur,VII,Norte,11,Nov,0,0,0,0,0
2000,Centro-Sur,VII,Norte,12,Dic,0,0,0,0,0
2000,Centro-Sur,VIII,Centro,1,Ene,36050,99204,1,1,1
2000,Centro-Sur,VIII,Centro,2,Feb,105344,246391,1,1,1
2000,Centro-Sur,VIII,Centro,3,Mar,152162,122867,1,1,1
2000,Centro-Sur,VIII,Centro,4,Abr,65833,68599,1,1,1
2000,Centro-Sur,VIII,Centro,5,May,34829,35506,1,1,1
2000,Centro-Sur,VIII,Centro,6,Jun,5603,20186,1,1,1
2000,Centro-Sur,VIII,Centro,7,Jul,1029,1782,1,1,1
2000,Centro-Sur,VIII,Centro,8,Ago,14,29,1,1,1
2000,Centro-Sur,VIII,Centro,9,Sep,4653,13140,1,1,1
2000,Centro-Sur,VIII,Centro,10,Oct,2130,16619,1,1,1
2000,Centro-Sur,VIII,Centro,11,Nov,2178,18183,1,1,1
2000,Centro-Sur,VIII,Centro,12,Dic,1308,7001,1,1,1
2000,Centro-Sur,IX,Sur,1,Ene,0,0,0,0,0
2000,Centro-Sur,IX,Sur,2,Feb,0,0,0,0,0
2000,Centro-Sur,IX,Sur,3,Mar,0,0,0,0,0
2000,Centro-Sur,IX,Sur,4,Abr,0,0,0,0,0
2000,Centro-Sur,IX,Sur,5,May,0,0,0,0,0
2000,Centro-Sur,IX,Sur,6,Jun,0,0,0,0,0
2000,Centro-Sur,IX,Sur,7,Jul,0,0,0,0,0
2000,Centro-Sur,IX,Sur,8,Ago,0,0,0,0,0
2000,Centro-Sur,IX,Sur,9,Sep,0,0,0,0,0
2000,Centro-Sur,IX,Sur,10,Oct,0,0,0,0,0
2000,Centro-Sur,IX,Sur,11,Nov,0,0,0,0,0
2000,Centro-Sur,IX,Sur,12,Dic,0,0,0,0,0
2001,Centro-Sur,V,Norte,1,Ene,0,2,0,1,0
2001,Centro-Sur,V,Norte,2,Feb,114,42,1,1,1
2001,Centro-Sur,V,Norte,3,Mar,1376,107,1,1,1
2001,Centro-Sur,V,Norte,4,Abr,700,296,1,1,1
2001,Centro-Sur,V,Norte,5,May,154,265,1,1,1
2001,Centro-Sur,V,Norte,6,Jun,64,35,1,1,1
2001,Centro-Sur,V,Norte,7,Jul,1,0,1,0,0
2001,Centro-Sur,V,Norte,8,Ago,0,0,0,0,0
2001,Centro-Sur,V,Norte,9,Sep,0,0,0,0,0
2001,Centro-Sur,V,Norte,10,Oct,0,0,0,0,0
2001,Centro-Sur,V,Norte,11,Nov,0,0,0,0,0
2001,Centro-Sur,V,Norte,12,Dic,0,0,0,0,0
2001,Centro-Sur,VI,Norte,1,Ene,0,0,0,0,0
2001,Centro-Sur,VI,Norte,2,Feb,0,0,0,0,0
2001,Centro-Sur,VI,Norte,3,Mar,0,0,0,0,0
2001,Centro-Sur,VI,Norte,4,Abr,0,0,0,0,0
2001,Centro-Sur,VI,Norte,5,May,0,0,0,0,0
2001,Centro-Sur,VI,Norte,6,Jun,0,0,0,0,0
2001,Centro-Sur,VI,Norte,7,Jul,0,0,0,0,0
2001,Centro-Sur,VI,Norte,8,Ago,0,0,0,0,0
2001,Centro-Sur,VI,Norte,9,Sep,0,0,0,0,0
2001,Centro-Sur,VI,Norte,10,Oct,0,0,0,0,0
2001,Centro-Sur,VI,Norte,11,Nov,0,0,0,0,0
2001,Centro-Sur,VI,Norte,12,Dic,0,0,0,0,0
2001,Centro-Sur,VII,Norte,1,Ene,0,0,0,0,0
2001,Centro-Sur,VII,Norte,2,Feb,0,0,0,0,0
2001,Centro-Sur,VII,Norte,3,Mar,0,0,0,0,0
2001,Centro-Sur,VII,Norte,4,Abr,0,0,0,0,0
2001,Centro-Sur,VII,Norte,5,May,0,0,0,0,0
2001,Centro-Sur,VII,Norte,6,Jun,0,0,0,0,0
2001,Centro-Sur,VII,Norte,7,Jul,0,0,0,0,0
2001,Centro-Sur,VII,Norte,8,Ago,0,0,0,0,0
2001,Centro-Sur,VII,Norte,9,Sep,0,0,0,0,0
2001,Centro-Sur,VII,Norte,10,Oct,0,0,0,0,0
2001,Centro-Sur,VII,Norte,11,Nov,0,0,0,0,0
2001,Centro-Sur,VII,Norte,12,Dic,0,0,0,0,0
2001,Centro-Sur,VIII,Centro,1,Ene,14051,87535,1,1,1
2001,Centro-Sur,VIII,Centro,2,Feb,21970,64501,1,1,1
2001,Centro-Sur,VIII,Centro,3,Mar,52463,54479,1,1,1
2001,Centro-Sur,VIII,Centro,4,Abr,34528,27015,1,1,1
2001,Centro-Sur,VIII,Centro,5,May,931,12191,1,1,1
2001,Centro-Sur,VIII,Centro,6,Jun,3475,1320,1,1,1
2001,Centro-Sur,VIII,Centro,7,Jul,323,430,1,1,1
2001,Centro-Sur,VIII,Centro,8,Ago,0,4,0,1,0
2001,Centro-Sur,VIII,Centro,9,Sep,617,2557,1,1,1
2001,Centro-Sur,VIII,Centro,10,Oct,6534,14738,1,1,1
2001,Centro-Sur,VIII,Centro,11,Nov,6762,8402,1,1,1
2001,Centro-Sur,VIII,Centro,12,Dic,2268,4282,1,1,1
2001,Centro-Sur,IX,Sur,1,Ene,0,0,0,0,0
2001,Centro-Sur,IX,Sur,2,Feb,0,2,0,1,0
2001,Centro-Sur,IX,Sur,3,Mar,0,0,0,0,0
2001,Centro-Sur,IX,Sur,4,Abr,0,0,0,0,0
2001,Centro-Sur,IX,Sur,5,May,0,0,0,0,0
2001,Centro-Sur,IX,Sur,6,Jun,0,0,0,0,0
2001,Centro-Sur,IX,Sur,7,Jul,0,0,0,0,0
2001,Centro-Sur,IX,Sur,8,Ago,0,0,0,0,0
2001,Centro-Sur,IX,Sur,9,Sep,0,0,0,0,0
2001,Centro-Sur,IX,Sur,10,Oct,0,0,0,0,0
2001,Centro-Sur,IX,Sur,11,Nov,0,0,0,0,0
2001,Centro-Sur,IX,Sur,12,Dic,0,0,0,0,0
2002,Centro-Sur,V,Norte,1,Ene,0,13,0,1,0
2002,Centro-Sur,V,Norte,2,Feb,89,44,1,1,1
2002,Centro-Sur,V,Norte,3,Mar,63,54,1,1,1
2002,Centro-Sur,V,Norte,4,Abr,436,68,1,1,1
2002,Centro-Sur,V,Norte,5,May,1366,225,1,1,1
2002,Centro-Sur,V,Norte,6,Jun,0,0,0,0,0
2002,Centro-Sur,V,Norte,7,Jul,0,0,0,0,0
2002,Centro-Sur,V,Norte,8,Ago,0,0,0,0,0
2002,Centro-Sur,V,Norte,9,Sep,0,0,0,0,0
2002,Centro-Sur,V,Norte,10,Oct,0,0,0,0,0
2002,Centro-Sur,V,Norte,11,Nov,0,1,0,1,0
2002,Centro-Sur,V,Norte,12,Dic,0,0,0,0,0
2002,Centro-Sur,VI,Norte,1,Ene,0,0,0,0,0
2002,Centro-Sur,VI,Norte,2,Feb,0,0,0,0,0
2002,Centro-Sur,VI,Norte,3,Mar,0,0,0,0,0
2002,Centro-Sur,VI,Norte,4,Abr,0,0,0,0,0
2002,Centro-Sur,VI,Norte,5,May,0,0,0,0,0
2002,Centro-Sur,VI,Norte,6,Jun,0,0,0,0,0
2002,Centro-Sur,VI,Norte,7,Jul,0,0,0,0,0
2002,Centro-Sur,VI,Norte,8,Ago,0,0,0,0,0
2002,Centro-Sur,VI,Norte,9,Sep,0,0,0,0,0
2002,Centro-Sur,VI,Norte,10,Oct,0,0,0,0,0
2002,Centro-Sur,VI,Norte,11,Nov,0,0,0,0,0
2002,Centro-Sur,VI,Norte,12,Dic,0,0,0,0,0
2002,Centro-Sur,VII,Norte,1,Ene,0,0,0,0,0
2002,Centro-Sur,VII,Norte,2,Feb,0,0,0,0,0
2002,Centro-Sur,VII,Norte,3,Mar,0,0,0,0,0
2002,Centro-Sur,VII,Norte,4,Abr,0,0,0,0,0
2002,Centro-Sur,VII,Norte,5,May,0,0,0,0,0
2002,Centro-Sur,VII,Norte,6,Jun,0,0,0,0,0
2002,Centro-Sur,VII,Norte,7,Jul,0,0,0,0,0
2002,Centro-Sur,VII,Norte,8,Ago,0,0,0,0,0
2002,Centro-Sur,VII,Norte,9,Sep,0,0,0,0,0
2002,Centro-Sur,VII,Norte,10,Oct,0,0,0,0,0
2002,Centro-Sur,VII,Norte,11,Nov,0,0,0,0,0
2002,Centro-Sur,VII,Norte,12,Dic,0,0,0,0,0
2002,Centro-Sur,VIII,Centro,1,Ene,15795,90575,1,1,1
2002,Centro-Sur,VIII,Centro,2,Feb,71594,82607,1,1,1
2002,Centro-Sur,VIII,Centro,3,Mar,56373,45346,1,1,1
2002,Centro-Sur,VIII,Centro,4,Abr,39326,30650,1,1,1
2002,Centro-Sur,VIII,Centro,5,May,20347,12029,1,1,1
2002,Centro-Sur,VIII,Centro,6,Jun,4413,5180,1,1,1
2002,Centro-Sur,VIII,Centro,7,Jul,333,2861,1,1,1
2002,Centro-Sur,VIII,Centro,8,Ago,55,168,1,1,1
2002,Centro-Sur,VIII,Centro,9,Sep,9221,7606,1,1,1
2002,Centro-Sur,VIII,Centro,10,Oct,11963,12401,1,1,1
2002,Centro-Sur,VIII,Centro,11,Nov,3577,925,1,1,1
2002,Centro-Sur,VIII,Centro,12,Dic,663,653,1,1,1
2002,Centro-Sur,IX,Sur,1,Ene,0,0,0,0,0
2002,Centro-Sur,IX,Sur,2,Feb,0,0,0,0,0
2002,Centro-Sur,IX,Sur,3,Mar,0,0,0,0,0
2002,Centro-Sur,IX,Sur,4,Abr,0,0,0,0,0
2002,Centro-Sur,IX,Sur,5,May,0,0,0,0,0
2002,Centro-Sur,IX,Sur,6,Jun,0,0,0,0,0
2002,Centro-Sur,IX,Sur,7,Jul,0,0,0,0,0
2002,Centro-Sur,IX,Sur,8,Ago,0,0,0,0,0
2002,Centro-Sur,IX,Sur,9,Sep,0,0,0,0,0
2002,Centro-Sur,IX,Sur,10,Oct,0,0,0,0,0
2002,Centro-Sur,IX,Sur,11,Nov,0,0,0,0,0
2002,Centro-Sur,IX,Sur,12,Dic,0,0,0,0,0
2003,Centro-Sur,V,Norte,1,Ene,0,1,0,1,0
2003,Centro-Sur,V,Norte,2,Feb,76,33,1,1,1
2003,Centro-Sur,V,Norte,3,Mar,808,4,1,1,1
2003,Centro-Sur,V,Norte,4,Abr,1534,3,1,1,1
2003,Centro-Sur,V,Norte,5,May,324,0,1,0,0
2003,Centro-Sur,V,Norte,6,Jun,7,2,1,1,1
2003,Centro-Sur,V,Norte,7,Jul,7,0,1,0,0
2003,Centro-Sur,V,Norte,8,Ago,1,5,1,1,1
2003,Centro-Sur,V,Norte,9,Sep,0,13,0,1,0
2003,Centro-Sur,V,Norte,10,Oct,7,22,1,1,1
2003,Centro-Sur,V,Norte,11,Nov,0,2,0,1,0
2003,Centro-Sur,V,Norte,12,Dic,70,0,1,0,0
2003,Centro-Sur,VI,Norte,1,Ene,0,0,0,0,0
2003,Centro-Sur,VI,Norte,2,Feb,0,0,0,0,0
2003,Centro-Sur,VI,Norte,3,Mar,0,0,0,0,0
2003,Centro-Sur,VI,Norte,4,Abr,0,0,0,0,0
2003,Centro-Sur,VI,Norte,5,May,0,0,0,0,0
2003,Centro-Sur,VI,Norte,6,Jun,0,0,0,0,0
2003,Centro-Sur,VI,Norte,7,Jul,0,0,0,0,0
2003,Centro-Sur,VI,Norte,8,Ago,0,0,0,0,0
2003,Centro-Sur,VI,Norte,9,Sep,0,0,0,0,0
2003,Centro-Sur,VI,Norte,10,Oct,0,0,0,0,0
2003,Centro-Sur,VI,Norte,11,Nov,0,0,0,0,0
2003,Centro-Sur,VI,Norte,12,Dic,0,0,0,0,0
2003,Centro-Sur,VII,Norte,1,Ene,0,0,0,0,0
2003,Centro-Sur,VII,Norte,2,Feb,0,0,0,0,0
2003,Centro-Sur,VII,Norte,3,Mar,0,0,0,0,0
2003,Centro-Sur,VII,Norte,4,Abr,0,0,0,0,0
2003,Centro-Sur,VII,Norte,5,May,0,0,0,0,0
2003,Centro-Sur,VII,Norte,6,Jun,0,0,0,0,0
2003,Centro-Sur,VII,Norte,7,Jul,0,0,0,0,0
2003,Centro-Sur,VII,Norte,8,Ago,0,0,0,0,0
2003,Centro-Sur,VII,Norte,9,Sep,0,0,0,0,0
2003,Centro-Sur,VII,Norte,10,Oct,0,0,0,0,0
2003,Centro-Sur,VII,Norte,11,Nov,0,0,0,0,0
2003,Centro-Sur,VII,Norte,12,Dic,0,0,0,0,0
2003,Centro-Sur,VIII,Centro,1,Ene,10035,15965,1,1,1
2003,Centro-Sur,VIII,Centro,2,Feb,32990,28897,1,1,1
2003,Centro-Sur,VIII,Centro,3,Mar,94315,59990,1,1,1
2003,Centro-Sur,VIII,Centro,4,Abr,60063,75494,1,1,1
2003,Centro-Sur,VIII,Centro,5,May,28542,20165,1,1,1
2003,Centro-Sur,VIII,Centro,6,Jun,5066,14461,1,1,1
2003,Centro-Sur,VIII,Centro,7,Jul,5535,6715,1,1,1
2003,Centro-Sur,VIII,Centro,8,Ago,718,819,1,1,1
2003,Centro-Sur,VIII,Centro,9,Sep,29677,23662,1,1,1
2003,Centro-Sur,VIII,Centro,10,Oct,7491,7957,1,1,1
2003,Centro-Sur,VIII,Centro,11,Nov,2824,1660,1,1,1
2003,Centro-Sur,VIII,Centro,12,Dic,1311,1051,1,1,1
2003,Centro-Sur,IX,Sur,1,Ene,0,0,0,0,0
2003,Centro-Sur,IX,Sur,2,Feb,0,0,0,0,0
2003,Centro-Sur,IX,Sur,3,Mar,0,0,0,0,0
2003,Centro-Sur,IX,Sur,4,Abr,0,0,0,0,0
2003,Centro-Sur,IX,Sur,5,May,0,0,0,0,0
2003,Centro-Sur,IX,Sur,6,Jun,0,0,0,0,0
2003,Centro-Sur,IX,Sur,7,Jul,0,0,0,0,0
2003,Centro-Sur,IX,Sur,8,Ago,0,0,0,0,0
2003,Centro-Sur,IX,Sur,9,Sep,0,0,0,0,0
2003,Centro-Sur,IX,Sur,10,Oct,0,0,0,0,0
2003,Centro-Sur,IX,Sur,11,Nov,0,0,0,0,0
2003,Centro-Sur,IX,Sur,12,Dic,0,0,0,0,0
2004,Centro-Sur,V,Norte,1,Ene,1,23,1,1,1
2004,Centro-Sur,V,Norte,2,Feb,1214,58,1,1,1
2004,Centro-Sur,V,Norte,3,Mar,1859,0,1,0,0
2004,Centro-Sur,V,Norte,4,Abr,98,0,1,0,0
2004,Centro-Sur,V,Norte,5,May,212,2013,1,1,1
2004,Centro-Sur,V,Norte,6,Jun,1357,254,1,1,1
2004,Centro-Sur,V,Norte,7,Jul,471,337,1,1,1
2004,Centro-Sur,V,Norte,8,Ago,0,20,0,1,0
2004,Centro-Sur,V,Norte,9,Sep,733,11,1,1,1
2004,Centro-Sur,V,Norte,10,Oct,648,40,1,1,1
2004,Centro-Sur,V,Norte,11,Nov,271,5,1,1,1
2004,Centro-Sur,V,Norte,12,Dic,661,3,1,1,1
2004,Centro-Sur,VI,Norte,1,Ene,0,0,0,0,0
2004,Centro-Sur,VI,Norte,2,Feb,0,0,0,0,0
2004,Centro-Sur,VI,Norte,3,Mar,0,0,0,0,0
2004,Centro-Sur,VI,Norte,4,Abr,0,0,0,0,0
2004,Centro-Sur,VI,Norte,5,May,0,0,0,0,0
2004,Centro-Sur,VI,Norte,6,Jun,0,0,0,0,0
2004,Centro-Sur,VI,Norte,7,Jul,0,0,0,0,0
2004,Centro-Sur,VI,Norte,8,Ago,0,0,0,0,0
2004,Centro-Sur,VI,Norte,9,Sep,0,0,0,0,0
2004,Centro-Sur,VI,Norte,10,Oct,0,0,0,0,0
2004,Centro-Sur,VI,Norte,11,Nov,0,0,0,0,0
2004,Centro-Sur,VI,Norte,12,Dic,0,0,0,0,0
2004,Centro-Sur,VII,Norte,1,Ene,0,0,0,0,0
2004,Centro-Sur,VII,Norte,2,Feb,0,0,0,0,0
2004,Centro-Sur,VII,Norte,3,Mar,0,0,0,0,0
2004,Centro-Sur,VII,Norte,4,Abr,0,0,0,0,0
2004,Centro-Sur,VII,Norte,5,May,0,1,0,1,0
2004,Centro-Sur,VII,Norte,6,Jun,0,0,0,0,0
2004,Centro-Sur,VII,Norte,7,Jul,0,0,0,0,0
2004,Centro-Sur,VII,Norte,8,Ago,0,0,0,0,0
2004,Centro-Sur,VII,Norte,9,Sep,0,0,0,0,0
2004,Centro-Sur,VII,Norte,10,Oct,0,0,0,0,0
2004,Centro-Sur,VII,Norte,11,Nov,0,0,0,0,0
2004,Centro-Sur,VII,Norte,12,Dic,0,0,0,0,0
2004,Centro-Sur,VIII,Centro,1,Ene,30,101,1,1,1
2004,Centro-Sur,VIII,Centro,2,Feb,94979,88206,1,1,1
2004,Centro-Sur,VIII,Centro,3,Mar,81393,70202,1,1,1
2004,Centro-Sur,VIII,Centro,4,Abr,76215,79125,1,1,1
2004,Centro-Sur,VIII,Centro,5,May,25252,26322,1,1,1
2004,Centro-Sur,VIII,Centro,6,Jun,2373,2170,1,1,1
2004,Centro-Sur,VIII,Centro,7,Jul,3742,3159,1,1,1
2004,Centro-Sur,VIII,Centro,8,Ago,491,424,1,1,1
2004,Centro-Sur,VIII,Centro,9,Sep,6993,8037,1,1,1
2004,Centro-Sur,VIII,Centro,10,Oct,12106,6031,1,1,1
2004,Centro-Sur,VIII,Centro,11,Nov,9790,4008,1,1,1
2004,Centro-Sur,VIII,Centro,12,Dic,5896,3164,1,1,1
2004,Centro-Sur,IX,Sur,1,Ene,0,0,0,0,0
2004,Centro-Sur,IX,Sur,2,Feb,0,2,0,1,0
2004,Centro-Sur,IX,Sur,3,Mar,0,5,0,1,0
2004,Centro-Sur,IX,Sur,4,Abr,0,0,0,0,0
2004,Centro-Sur,IX,Sur,5,May,0,4,0,1,0
2004,Centro-Sur,IX,Sur,6,Jun,0,1,0,1,0
2004,Centro-Sur,IX,Sur,7,Jul,0,0,0,0,0
2004,Centro-Sur,IX,Sur,8,Ago,0,0,0,0,0
2004,Centro-Sur,IX,Sur,9,Sep,0,1,0,1,0
2004,Centro-Sur,IX,Sur,10,Oct,1,6,1,1,1
2004,Centro-Sur,IX,Sur,11,Nov,0,5,0,1,0
2004,Centro-Sur,IX,Sur,12,Dic,0,1,0,1,0
2005,Centro-Sur,V,Norte,1,Ene,9,10,1,1,1
2005,Centro-Sur,V,Norte,2,Feb,118,10,1,1,1
2005,Centro-Sur,V,Norte,3,Mar,1920,96,1,1,1
2005,Centro-Sur,V,Norte,4,Abr,5813,420,1,1,1
2005,Centro-Sur,V,Norte,5,May,4051,864,1,1,1
2005,Centro-Sur,V,Norte,6,Jun,2308,65,1,1,1
2005,Centro-Sur,V,Norte,7,Jul,2561,113,1,1,1
2005,Centro-Sur,V,Norte,8,Ago,0,4,0,1,0
2005,Centro-Sur,V,Norte,9,Sep,668,90,1,1,1
2005,Centro-Sur,V,Norte,10,Oct,632,19,1,1,1
2005,Centro-Sur,V,Norte,11,Nov,111,18,1,1,1
2005,Centro-Sur,V,Norte,12,Dic,0,4,0,1,0
2005,Centro-Sur,VI,Norte,1,Ene,0,0,0,0,0
2005,Centro-Sur,VI,Norte,2,Feb,0,0,0,0,0
2005,Centro-Sur,VI,Norte,3,Mar,0,0,0,0,0
2005,Centro-Sur,VI,Norte,4,Abr,0,0,0,0,0
2005,Centro-Sur,VI,Norte,5,May,0,0,0,0,0
2005,Centro-Sur,VI,Norte,6,Jun,0,0,0,0,0
2005,Centro-Sur,VI,Norte,7,Jul,0,0,0,0,0
2005,Centro-Sur,VI,Norte,8,Ago,0,0,0,0,0
2005,Centro-Sur,VI,Norte,9,Sep,0,0,0,0,0
2005,Centro-Sur,VI,Norte,10,Oct,0,0,0,0,0
2005,Centro-Sur,VI,Norte,11,Nov,0,0,0,0,0
2005,Centro-Sur,VI,Norte,12,Dic,0,0,0,0,0
2005,Centro-Sur,VII,Norte,1,Ene,0,1,0,1,0
2005,Centro-Sur,VII,Norte,2,Feb,0,0,0,0,0
2005,Centro-Sur,VII,Norte,3,Mar,0,0,0,0,0
2005,Centro-Sur,VII,Norte,4,Abr,0,0,0,0,0
2005,Centro-Sur,VII,Norte,5,May,0,0,0,0,0
2005,Centro-Sur,VII,Norte,6,Jun,0,0,0,0,0
2005,Centro-Sur,VII,Norte,7,Jul,0,0,0,0,0
2005,Centro-Sur,VII,Norte,8,Ago,0,0,0,0,0
2005,Centro-Sur,VII,Norte,9,Sep,0,0,0,0,0
2005,Centro-Sur,VII,Norte,10,Oct,0,0,0,0,0
2005,Centro-Sur,VII,Norte,11,Nov,0,0,0,0,0
2005,Centro-Sur,VII,Norte,12,Dic,0,0,0,0,0
2005,Centro-Sur,VIII,Centro,1,Ene,4,16,1,1,1
2005,Centro-Sur,VIII,Centro,2,Feb,102156,68287,1,1,1
2005,Centro-Sur,VIII,Centro,3,Mar,92956,32945,1,1,1
2005,Centro-Sur,VIII,Centro,4,Abr,84774,33404,1,1,1
2005,Centro-Sur,VIII,Centro,5,May,30784,35747,1,1,1
2005,Centro-Sur,VIII,Centro,6,Jun,12173,6285,1,1,1
2005,Centro-Sur,VIII,Centro,7,Jul,5488,2655,1,1,1
2005,Centro-Sur,VIII,Centro,8,Ago,312,261,1,1,1
2005,Centro-Sur,VIII,Centro,9,Sep,16162,11494,1,1,1
2005,Centro-Sur,VIII,Centro,10,Oct,22264,15698,1,1,1
2005,Centro-Sur,VIII,Centro,11,Nov,5871,5233,1,1,1
2005,Centro-Sur,VIII,Centro,12,Dic,601,528,1,1,1
2005,Centro-Sur,IX,Sur,1,Ene,0,0,0,0,0
2005,Centro-Sur,IX,Sur,2,Feb,0,0,0,0,0
2005,Centro-Sur,IX,Sur,3,Mar,0,0,0,0,0
2005,Centro-Sur,IX,Sur,4,Abr,0,1,0,1,0
2005,Centro-Sur,IX,Sur,5,May,0,0,0,0,0
2005,Centro-Sur,IX,Sur,6,Jun,0,0,0,0,0
2005,Centro-Sur,IX,Sur,7,Jul,0,0,0,0,0
2005,Centro-Sur,IX,Sur,8,Ago,0,0,0,0,0
2005,Centro-Sur,IX,Sur,9,Sep,0,1,0,1,0
2005,Centro-Sur,IX,Sur,10,Oct,0,2,0,1,0
2005,Centro-Sur,IX,Sur,11,Nov,1,6,1,1,1
2005,Centro-Sur,IX,Sur,12,Dic,0,3,0,1,0
2006,Centro-Sur,V,Norte,1,Ene,0,3,0,1,0
2006,Centro-Sur,V,Norte,2,Feb,0,7,0,1,0
2006,Centro-Sur,V,Norte,3,Mar,3809,1270,1,1,1
2006,Centro-Sur,V,Norte,4,Abr,2681,1383,1,1,1
2006,Centro-Sur,V,Norte,5,May,3576,1373,1,1,1
2006,Centro-Sur,V,Norte,6,Jun,374,145,1,1,1
2006,Centro-Sur,V,Norte,7,Jul,1133,3,1,1,1
2006,Centro-Sur,V,Norte,8,Ago,0,15,0,1,0
2006,Centro-Sur,V,Norte,9,Sep,1847,12,1,1,1
2006,Centro-Sur,V,Norte,10,Oct,1175,454,1,1,1
2006,Centro-Sur,V,Norte,11,Nov,2105,43,1,1,1
2006,Centro-Sur,V,Norte,12,Dic,933,6,1,1,1
2006,Centro-Sur,VI,Norte,1,Ene,0,0,0,0,0
2006,Centro-Sur,VI,Norte,2,Feb,0,0,0,0,0
2006,Centro-Sur,VI,Norte,3,Mar,0,0,0,0,0
2006,Centro-Sur,VI,Norte,4,Abr,0,0,0,0,0
2006,Centro-Sur,VI,Norte,5,May,0,0,0,0,0
2006,Centro-Sur,VI,Norte,6,Jun,0,0,0,0,0
2006,Centro-Sur,VI,Norte,7,Jul,0,0,0,0,0
2006,Centro-Sur,VI,Norte,8,Ago,0,0,0,0,0
2006,Centro-Sur,VI,Norte,9,Sep,0,0,0,0,0
2006,Centro-Sur,VI,Norte,10,Oct,0,0,0,0,0
2006,Centro-Sur,VI,Norte,11,Nov,0,0,0,0,0
2006,Centro-Sur,VI,Norte,12,Dic,0,0,0,0,0
2006,Centro-Sur,VII,Norte,1,Ene,0,0,0,0,0
2006,Centro-Sur,VII,Norte,2,Feb,0,0,0,0,0
2006,Centro-Sur,VII,Norte,3,Mar,0,0,0,0,0
2006,Centro-Sur,VII,Norte,4,Abr,0,0,0,0,0
2006,Centro-Sur,VII,Norte,5,May,0,0,0,0,0
2006,Centro-Sur,VII,Norte,6,Jun,0,0,0,0,0
2006,Centro-Sur,VII,Norte,7,Jul,0,0,0,0,0
2006,Centro-Sur,VII,Norte,8,Ago,0,0,0,0,0
2006,Centro-Sur,VII,Norte,9,Sep,0,0,0,0,0
2006,Centro-Sur,VII,Norte,10,Oct,0,0,0,0,0
2006,Centro-Sur,VII,Norte,11,Nov,0,0,0,0,0
2006,Centro-Sur,VII,Norte,12,Dic,0,0,0,0,0
2006,Centro-Sur,VIII,Centro,1,Ene,273,623,1,1,1
2006,Centro-Sur,VIII,Centro,2,Feb,28559,79258,1,1,1
2006,Centro-Sur,VIII,Centro,3,Mar,58607,111358,1,1,1
2006,Centro-Sur,VIII,Centro,4,Abr,67224,47675,1,1,1
2006,Centro-Sur,VIII,Centro,5,May,50194,45512,1,1,1
2006,Centro-Sur,VIII,Centro,6,Jun,10907,6231,1,1,1
2006,Centro-Sur,VIII,Centro,7,Jul,4634,2810,1,1,1
2006,Centro-Sur,VIII,Centro,8,Ago,500,1044,1,1,1
2006,Centro-Sur,VIII,Centro,9,Sep,36340,16840,1,1,1
2006,Centro-Sur,VIII,Centro,10,Oct,49655,25875,1,1,1
2006,Centro-Sur,VIII,Centro,11,Nov,24965,16987,1,1,1
2006,Centro-Sur,VIII,Centro,12,Dic,3236,2088,1,1,1
2006,Centro-Sur,IX,Sur,1,Ene,0,1,0,1,0
2006,Centro-Sur,IX,Sur,2,Feb,0,0,0,0,0
2006,Centro-Sur,IX,Sur,3,Mar,1,1,1,1,1
2006,Centro-Sur,IX,Sur,4,Abr,0,5,0,1,0
2006,Centro-Sur,IX,Sur,5,May,1,2,1,1,1
2006,Centro-Sur,IX,Sur,6,Jun,0,0,0,0,0
2006,Centro-Sur,IX,Sur,7,Jul,0,1,0,1,0
2006,Centro-Sur,IX,Sur,8,Ago,0,0,0,0,0
2006,Centro-Sur,IX,Sur,9,Sep,0,0,0,0,0
2006,Centro-Sur,IX,Sur,10,Oct,0,1,0,1,0
2006,Centro-Sur,IX,Sur,11,Nov,1,1,1,1,1
2006,Centro-Sur,IX,Sur,12,Dic,0,0,0,0,0
2007,Centro-Sur,V,Norte,1,Ene,1,11,1,1,1
2007,Centro-Sur,V,Norte,2,Feb,2301,257,1,1,1
2007,Centro-Sur,V,Norte,3,Mar,2279,55,1,1,1
2007,Centro-Sur,V,Norte,4,Abr,5622,1254,1,1,1
2007,Centro-Sur,V,Norte,5,May,1800,304,1,1,1
2007,Centro-Sur,V,Norte,6,Jun,1003,128,1,1,1
2007,Centro-Sur,V,Norte,7,Jul,2112,2,1,1,1
2007,Centro-Sur,V,Norte,8,Ago,0,0,0,0,0
2007,Centro-Sur,V,Norte,9,Sep,0,0,0,0,0
2007,Centro-Sur,V,Norte,10,Oct,0,0,0,0,0
2007,Centro-Sur,V,Norte,11,Nov,0,10,0,1,0
2007,Centro-Sur,V,Norte,12,Dic,0,31,0,1,0
2007,Centro-Sur,VI,Norte,1,Ene,0,0,0,0,0
2007,Centro-Sur,VI,Norte,2,Feb,0,0,0,0,0
2007,Centro-Sur,VI,Norte,3,Mar,0,0,0,0,0
2007,Centro-Sur,VI,Norte,4,Abr,0,0,0,0,0
2007,Centro-Sur,VI,Norte,5,May,0,0,0,0,0
2007,Centro-Sur,VI,Norte,6,Jun,0,0,0,0,0
2007,Centro-Sur,VI,Norte,7,Jul,0,0,0,0,0
2007,Centro-Sur,VI,Norte,8,Ago,0,0,0,0,0
2007,Centro-Sur,VI,Norte,9,Sep,0,0,0,0,0
2007,Centro-Sur,VI,Norte,10,Oct,0,0,0,0,0
2007,Centro-Sur,VI,Norte,11,Nov,0,0,0,0,0
2007,Centro-Sur,VI,Norte,12,Dic,0,0,0,0,0
2007,Centro-Sur,VII,Norte,1,Ene,0,0,0,0,0
2007,Centro-Sur,VII,Norte,2,Feb,0,0,0,0,0
2007,Centro-Sur,VII,Norte,3,Mar,0,0,0,0,0
2007,Centro-Sur,VII,Norte,4,Abr,0,0,0,0,0
2007,Centro-Sur,VII,Norte,5,May,0,0,0,0,0
2007,Centro-Sur,VII,Norte,6,Jun,0,0,0,0,0
2007,Centro-Sur,VII,Norte,7,Jul,0,0,0,0,0
2007,Centro-Sur,VII,Norte,8,Ago,0,0,0,0,0
2007,Centro-Sur,VII,Norte,9,Sep,0,0,0,0,0
2007,Centro-Sur,VII,Norte,10,Oct,0,0,0,0,0
2007,Centro-Sur,VII,Norte,11,Nov,0,0,0,0,0
2007,Centro-Sur,VII,Norte,12,Dic,0,0,0,0,0
2007,Centro-Sur,VIII,Centro,1,Ene,3,27,1,1,1
2007,Centro-Sur,VIII,Centro,2,Feb,24283,48455,1,1,1
2007,Centro-Sur,VIII,Centro,3,Mar,157471,74045,1,1,1
2007,Centro-Sur,VIII,Centro,4,Abr,166524,26062,1,1,1
2007,Centro-Sur,VIII,Centro,5,May,69602,8904,1,1,1
2007,Centro-Sur,VIII,Centro,6,Jun,8088,1235,1,1,1
2007,Centro-Sur,VIII,Centro,7,Jul,1596,1415,1,1,1
2007,Centro-Sur,VIII,Centro,8,Ago,275,151,1,1,1
2007,Centro-Sur,VIII,Centro,9,Sep,14773,6732,1,1,1
2007,Centro-Sur,VIII,Centro,10,Oct,36401,25157,1,1,1
2007,Centro-Sur,VIII,Centro,11,Nov,17439,14970,1,1,1
2007,Centro-Sur,VIII,Centro,12,Dic,701,1916,1,1,1
2007,Centro-Sur,IX,Sur,1,Ene,0,0,0,0,0
2007,Centro-Sur,IX,Sur,2,Feb,0,1,0,1,0
2007,Centro-Sur,IX,Sur,3,Mar,0,1,0,1,0
2007,Centro-Sur,IX,Sur,4,Abr,1,2,1,1,1
2007,Centro-Sur,IX,Sur,5,May,2,32,1,1,1
2007,Centro-Sur,IX,Sur,6,Jun,0,13,0,1,0
2007,Centro-Sur,IX,Sur,7,Jul,1,1,1,1,1
2007,Centro-Sur,IX,Sur,8,Ago,0,2,0,1,0
2007,Centro-Sur,IX,Sur,9,Sep,0,1,0,1,0
2007,Centro-Sur,IX,Sur,10,Oct,2,2,1,1,1
2007,Centro-Sur,IX,Sur,11,Nov,0,2,0,1,0
2007,Centro-Sur,IX,Sur,12,Dic,0,0,0,0,0
2007,Centro-Sur,XIV,Sur,1,Ene,0,0,0,0,0
2007,Centro-Sur,XIV,Sur,2,Feb,2077,7830,1,1,1
2007,Centro-Sur,XIV,Sur,3,Mar,8837,20818,1,1,1
2007,Centro-Sur,XIV,Sur,4,Abr,5239,4932,1,1,1
2007,Centro-Sur,XIV,Sur,5,May,5926,5635,1,1,1
2007,Centro-Sur,XIV,Sur,6,Jun,1131,794,1,1,1
2007,Centro-Sur,XIV,Sur,7,Jul,820,1652,1,1,1
2007,Centro-Sur,XIV,Sur,8,Ago,1976,1111,1,1,1
2007,Centro-Sur,XIV,Sur,9,Sep,4774,2010,1,1,1
2007,Centro-Sur,XIV,Sur,10,Oct,8873,9467,1,1,1
2007,Centro-Sur,XIV,Sur,11,Nov,3472,4573,1,1,1
2007,Centro-Sur,XIV,Sur,12,Dic,2293,6230,1,1,1
2008,Centro-Sur,V,Norte,1,Ene,0,23,0,1,0
2008,Centro-Sur,V,Norte,2,Feb,1840,251,1,1,1
2008,Centro-Sur,V,Norte,3,Mar,4298,623,1,1,1
2008,Centro-Sur,V,Norte,4,Abr,3164,1148,1,1,1
2008,Centro-Sur,V,Norte,5,May,905,15,1,1,1
2008,Centro-Sur,V,Norte,6,Jun,0,6,0,1,0
2008,Centro-Sur,V,Norte,7,Jul,0,0,0,0,0
2008,Centro-Sur,V,Norte,8,Ago,0,0,0,0,0
2008,Centro-Sur,V,Norte,9,Sep,0,1,0,1,0
2008,Centro-Sur,V,Norte,10,Oct,0,0,0,0,0
2008,Centro-Sur,V,Norte,11,Nov,0,0,0,0,0
2008,Centro-Sur,V,Norte,12,Dic,0,0,0,0,0
2008,Centro-Sur,VI,Norte,1,Ene,0,0,0,0,0
2008,Centro-Sur,VI,Norte,2,Feb,0,0,0,0,0
2008,Centro-Sur,VI,Norte,3,Mar,0,0,0,0,0
2008,Centro-Sur,VI,Norte,4,Abr,0,0,0,0,0
2008,Centro-Sur,VI,Norte,5,May,0,0,0,0,0
2008,Centro-Sur,VI,Norte,6,Jun,0,0,0,0,0
2008,Centro-Sur,VI,Norte,7,Jul,0,0,0,0,0
2008,Centro-Sur,VI,Norte,8,Ago,0,0,0,0,0
2008,Centro-Sur,VI,Norte,9,Sep,0,0,0,0,0
2008,Centro-Sur,VI,Norte,10,Oct,0,0,0,0,0
2008,Centro-Sur,VI,Norte,11,Nov,0,0,0,0,0
2008,Centro-Sur,VI,Norte,12,Dic,0,0,0,0,0
2008,Centro-Sur,VII,Norte,1,Ene,0,0,0,0,0
2008,Centro-Sur,VII,Norte,2,Feb,0,0,0,0,0
2008,Centro-Sur,VII,Norte,3,Mar,0,0,0,0,0
2008,Centro-Sur,VII,Norte,4,Abr,2,1,1,1,1
2008,Centro-Sur,VII,Norte,5,May,2,3,1,1,1
2008,Centro-Sur,VII,Norte,6,Jun,1,1,1,1,1
2008,Centro-Sur,VII,Norte,7,Jul,0,3,0,1,0
2008,Centro-Sur,VII,Norte,8,Ago,0,0,0,0,0
2008,Centro-Sur,VII,Norte,9,Sep,0,0,0,0,0
2008,Centro-Sur,VII,Norte,10,Oct,0,0,0,0,0
2008,Centro-Sur,VII,Norte,11,Nov,0,0,0,0,0
2008,Centro-Sur,VII,Norte,12,Dic,0,1,0,1,0
2008,Centro-Sur,VIII,Centro,1,Ene,3,34,1,1,1
2008,Centro-Sur,VIII,Centro,2,Feb,11425,119396,1,1,1
2008,Centro-Sur,VIII,Centro,3,Mar,43338,220045,1,1,1
2008,Centro-Sur,VIII,Centro,4,Abr,80160,139343,1,1,1
2008,Centro-Sur,VIII,Centro,5,May,92811,68250,1,1,1
2008,Centro-Sur,VIII,Centro,6,Jun,42134,22090,1,1,1
2008,Centro-Sur,VIII,Centro,7,Jul,3684,6433,1,1,1
2008,Centro-Sur,VIII,Centro,8,Ago,3,157,1,1,1
2008,Centro-Sur,VIII,Centro,9,Sep,0,18,0,1,0
2008,Centro-Sur,VIII,Centro,10,Oct,42573,77819,1,1,1
2008,Centro-Sur,VIII,Centro,11,Nov,14899,26281,1,1,1
2008,Centro-Sur,VIII,Centro,12,Dic,6180,11316,1,1,1
2008,Centro-Sur,IX,Sur,1,Ene,1,0,1,0,0
2008,Centro-Sur,IX,Sur,2,Feb,0,2,0,1,0
2008,Centro-Sur,IX,Sur,3,Mar,0,0,0,0,0
2008,Centro-Sur,IX,Sur,4,Abr,0,0,0,0,0
2008,Centro-Sur,IX,Sur,5,May,4,4,1,1,1
2008,Centro-Sur,IX,Sur,6,Jun,1,3,1,1,1
2008,Centro-Sur,IX,Sur,7,Jul,1,5,1,1,1
2008,Centro-Sur,IX,Sur,8,Ago,0,0,0,0,0
2008,Centro-Sur,IX,Sur,9,Sep,0,0,0,0,0
2008,Centro-Sur,IX,Sur,10,Oct,0,0,0,0,0
2008,Centro-Sur,IX,Sur,11,Nov,0,2,0,1,0
2008,Centro-Sur,IX,Sur,12,Dic,0,0,0,0,0
2008,Centro-Sur,XIV,Sur,1,Ene,0,32,0,1,0
2008,Centro-Sur,XIV,Sur,2,Feb,5818,8757,1,1,1
2008,Centro-Sur,XIV,Sur,3,Mar,8613,13915,1,1,1
2008,Centro-Sur,XIV,Sur,4,Abr,2163,17899,1,1,1
2008,Centro-Sur,XIV,Sur,5,May,2048,14711,1,1,1
2008,Centro-Sur,XIV,Sur,6,Jun,1686,11583,1,1,1
2008,Centro-Sur,XIV,Sur,7,Jul,1486,3264,1,1,1
2008,Centro-Sur,XIV,Sur,8,Ago,29,193,1,1,1
2008,Centro-Sur,XIV,Sur,9,Sep,168,250,1,1,1
2008,Centro-Sur,XIV,Sur,10,Oct,4771,9279,1,1,1
2008,Centro-Sur,XIV,Sur,11,Nov,1455,526,1,1,1
2008,Centro-Sur,XIV,Sur,12,Dic,3052,6876,1,1,1
2009,Centro-Sur,V,Norte,1,Ene,0,1,0,1,0
2009,Centro-Sur,V,Norte,2,Feb,853,260,1,1,1
2009,Centro-Sur,V,Norte,3,Mar,1080,1849,1,1,1
2009,Centro-Sur,V,Norte,4,Abr,409,444,1,1,1
2009,Centro-Sur,V,Norte,5,May,685,291,1,1,1
2009,Centro-Sur,V,Norte,6,Jun,0,0,0,0,0
2009,Centro-Sur,V,Norte,7,Jul,0,10,0,1,0
2009,Centro-Sur,V,Norte,8,Ago,0,2,0,1,0
2009,Centro-Sur,V,Norte,9,Sep,0,4,0,1,0
2009,Centro-Sur,V,Norte,10,Oct,1,36,1,1,1
2009,Centro-Sur,V,Norte,11,Nov,0,1,0,1,0
2009,Centro-Sur,V,Norte,12,Dic,0,1,0,1,0
2009,Centro-Sur,VI,Norte,1,Ene,0,0,0,0,0
2009,Centro-Sur,VI,Norte,2,Feb,0,0,0,0,0
2009,Centro-Sur,VI,Norte,3,Mar,0,0,0,0,0
2009,Centro-Sur,VI,Norte,4,Abr,0,0,0,0,0
2009,Centro-Sur,VI,Norte,5,May,0,0,0,0,0
2009,Centro-Sur,VI,Norte,6,Jun,0,0,0,0,0
2009,Centro-Sur,VI,Norte,7,Jul,0,0,0,0,0
2009,Centro-Sur,VI,Norte,8,Ago,0,0,0,0,0
2009,Centro-Sur,VI,Norte,9,Sep,0,0,0,0,0
2009,Centro-Sur,VI,Norte,10,Oct,0,0,0,0,0
2009,Centro-Sur,VI,Norte,11,Nov,0,0,0,0,0
2009,Centro-Sur,VI,Norte,12,Dic,0,0,0,0,0
2009,Centro-Sur,VII,Norte,1,Ene,0,1,0,1,0
2009,Centro-Sur,VII,Norte,2,Feb,0,0,0,0,0
2009,Centro-Sur,VII,Norte,3,Mar,0,3,0,1,0
2009,Centro-Sur,VII,Norte,4,Abr,7,46,1,1,1
2009,Centro-Sur,VII,Norte,5,May,2,19,1,1,1
2009,Centro-Sur,VII,Norte,6,Jun,0,2,0,1,0
2009,Centro-Sur,VII,Norte,7,Jul,0,0,0,0,0
2009,Centro-Sur,VII,Norte,8,Ago,0,0,0,0,0
2009,Centro-Sur,VII,Norte,9,Sep,0,0,0,0,0
2009,Centro-Sur,VII,Norte,10,Oct,0,0,0,0,0
2009,Centro-Sur,VII,Norte,11,Nov,0,0,0,0,0
2009,Centro-Sur,VII,Norte,12,Dic,0,0,0,0,0
2009,Centro-Sur,VIII,Centro,1,Ene,2,2,1,1,1
2009,Centro-Sur,VIII,Centro,2,Feb,1448,75372,1,1,1
2009,Centro-Sur,VIII,Centro,3,Mar,54469,292974,1,1,1
2009,Centro-Sur,VIII,Centro,4,Abr,117625,107312,1,1,1
2009,Centro-Sur,VIII,Centro,5,May,61060,22580,1,1,1
2009,Centro-Sur,VIII,Centro,6,Jun,19386,16008,1,1,1
2009,Centro-Sur,VIII,Centro,7,Jul,44913,54683,1,1,1
2009,Centro-Sur,VIII,Centro,8,Ago,11998,19161,1,1,1
2009,Centro-Sur,VIII,Centro,9,Sep,124,304,1,1,1
2009,Centro-Sur,VIII,Centro,10,Oct,45575,69816,1,1,1
2009,Centro-Sur,VIII,Centro,11,Nov,30494,35348,1,1,1
2009,Centro-Sur,VIII,Centro,12,Dic,8815,19459,1,1,1
2009,Centro-Sur,IX,Sur,1,Ene,0,0,0,0,0
2009,Centro-Sur,IX,Sur,2,Feb,2,2,1,1,1
2009,Centro-Sur,IX,Sur,3,Mar,4,7,1,1,1
2009,Centro-Sur,IX,Sur,4,Abr,3,4,1,1,1
2009,Centro-Sur,IX,Sur,5,May,1,1,1,1,1
2009,Centro-Sur,IX,Sur,6,Jun,0,0,0,0,0
2009,Centro-Sur,IX,Sur,7,Jul,0,0,0,0,0
2009,Centro-Sur,IX,Sur,8,Ago,0,0,0,0,0
2009,Centro-Sur,IX,Sur,9,Sep,0,0,0,0,0
2009,Centro-Sur,IX,Sur,10,Oct,2,2,1,1,1
2009,Centro-Sur,IX,Sur,11,Nov,0,0,0,0,0
2009,Centro-Sur,IX,Sur,12,Dic,1,1,1,1,1
2009,Centro-Sur,XIV,Sur,1,Ene,1,76,1,1,1
2009,Centro-Sur,XIV,Sur,2,Feb,3716,6020,1,1,1
2009,Centro-Sur,XIV,Sur,3,Mar,875,27295,1,1,1
2009,Centro-Sur,XIV,Sur,4,Abr,2985,18361,1,1,1
2009,Centro-Sur,XIV,Sur,5,May,1835,12535,1,1,1
2009,Centro-Sur,XIV,Sur,6,Jun,4185,11567,1,1,1
2009,Centro-Sur,XIV,Sur,7,Jul,2265,12837,1,1,1
2009,Centro-Sur,XIV,Sur,8,Ago,2571,5396,1,1,1
2009,Centro-Sur,XIV,Sur,9,Sep,72,750,1,1,1
2009,Centro-Sur,XIV,Sur,10,Oct,2775,12867,1,1,1
2009,Centro-Sur,XIV,Sur,11,Nov,6554,6383,1,1,1
2009,Centro-Sur,XIV,Sur,12,Dic,1130,6547,1,1,1
2010,Centro-Sur,V,Norte,1,Ene,0,2,0,1,0
2010,Centro-Sur,V,Norte,2,Feb,0,0,0,0,0
2010,Centro-Sur,V,Norte,3,Mar,1873.28,632,1,1,1
2010,Centro-Sur,V,Norte,4,Abr,3453.703,2008,1,1,1
2010,Centro-Sur,V,Norte,5,May,89.21,586,1,1,1
2010,Centro-Sur,V,Norte,6,Jun,3.475,56,1,1,1
2010,Centro-Sur,V,Norte,7,Jul,0,0,0,0,0
2010,Centro-Sur,V,Norte,8,Ago,0,0,0,1,0
2010,Centro-Sur,V,Norte,9,Sep,2,1,1,1,1
2010,Centro-Sur,V,Norte,10,Oct,0,0,0,0,0
2010,Centro-Sur,V,Norte,11,Nov,0,0,0,0,0
2010,Centro-Sur,V,Norte,12,Dic,0,0,0,1,0
2010,Centro-Sur,VI,Norte,1,Ene,0,0,0,0,0
2010,Centro-Sur,VI,Norte,2,Feb,0,0,0,0,0
2010,Centro-Sur,VI,Norte,3,Mar,0,0,0,0,0
2010,Centro-Sur,VI,Norte,4,Abr,0,0,0,0,0
2010,Centro-Sur,VI,Norte,5,May,0,0,0,0,0
2010,Centro-Sur,VI,Norte,6,Jun,0,0,0,0,0
2010,Centro-Sur,VI,Norte,7,Jul,0,0,0,0,0
2010,Centro-Sur,VI,Norte,8,Ago,0,0,0,0,0
2010,Centro-Sur,VI,Norte,9,Sep,0,0,0,0,0
2010,Centro-Sur,VI,Norte,10,Oct,0,0,0,0,0
2010,Centro-Sur,VI,Norte,11,Nov,0,0,0,0,0
2010,Centro-Sur,VI,Norte,12,Dic,0,0,0,0,0
2010,Centro-Sur,VII,Norte,1,Ene,0.08,1,1,1,1
2010,Centro-Sur,VII,Norte,2,Feb,0,0,0,0,0
2010,Centro-Sur,VII,Norte,3,Mar,0,2,0,1,0
2010,Centro-Sur,VII,Norte,4,Abr,115.754,279,1,1,1
2010,Centro-Sur,VII,Norte,5,May,25.518,246,1,1,1
2010,Centro-Sur,VII,Norte,6,Jun,0,60,0,1,0
2010,Centro-Sur,VII,Norte,7,Jul,0.036,43,1,1,1
2010,Centro-Sur,VII,Norte,8,Ago,0,0,0,1,0
2010,Centro-Sur,VII,Norte,9,Sep,0.2,0,1,0,0
2010,Centro-Sur,VII,Norte,10,Oct,50.834,92,1,1,1
2010,Centro-Sur,VII,Norte,11,Nov,0.05,22,1,1,1
2010,Centro-Sur,VII,Norte,12,Dic,78.054,131,1,1,1
2010,Centro-Sur,VIII,Centro,1,Ene,3.702,10,1,1,1
2010,Centro-Sur,VIII,Centro,2,Feb,149.738,5977,1,1,1
2010,Centro-Sur,VIII,Centro,3,Mar,5860.643,62990,1,1,1
2010,Centro-Sur,VIII,Centro,4,Abr,73670.696,149357,1,1,1
2010,Centro-Sur,VIII,Centro,5,May,28570.058,54856,1,1,1
2010,Centro-Sur,VIII,Centro,6,Jun,1345.703,2833,1,1,1
2010,Centro-Sur,VIII,Centro,7,Jul,294.635,7090,1,1,1
2010,Centro-Sur,VIII,Centro,8,Ago,1628.163,10057,1,1,1
2010,Centro-Sur,VIII,Centro,9,Sep,254.832,1302,1,1,1
2010,Centro-Sur,VIII,Centro,10,Oct,3837.664,26918,1,1,1
2010,Centro-Sur,VIII,Centro,11,Nov,4659.714,47957,1,1,1
2010,Centro-Sur,VIII,Centro,12,Dic,1105.651,22670,1,1,1
2010,Centro-Sur,IX,Sur,1,Ene,0.05,0,1,1,1
2010,Centro-Sur,IX,Sur,2,Feb,0,0,0,0,0
2010,Centro-Sur,IX,Sur,3,Mar,21.643,1126,1,1,1
2010,Centro-Sur,IX,Sur,4,Abr,76.763,2803,1,1,1
2010,Centro-Sur,IX,Sur,5,May,50.232,2123,1,1,1
2010,Centro-Sur,IX,Sur,6,Jun,0,0,0,0,0
2010,Centro-Sur,IX,Sur,7,Jul,0,76,0,1,0
2010,Centro-Sur,IX,Sur,8,Ago,9.47,1146,1,1,1
2010,Centro-Sur,IX,Sur,9,Sep,0,0,0,0,0
2010,Centro-Sur,IX,Sur,10,Oct,4.783,852,1,1,1
2010,Centro-Sur,IX,Sur,11,Nov,1.2,2219,1,1,1
2010,Centro-Sur,IX,Sur,12,Dic,49.376,2214,1,1,1
2010,Centro-Sur,XIV,Sur,1,Ene,0,0,0,0,0
2010,Centro-Sur,XIV,Sur,2,Feb,536.413,13853,1,1,1
2010,Centro-Sur,XIV,Sur,3,Mar,312.64,18318,1,1,1
2010,Centro-Sur,XIV,Sur,4,Abr,447.33,14385,1,1,1
2010,Centro-Sur,XIV,Sur,5,May,288.865,14134,1,1,1
2010,Centro-Sur,XIV,Sur,6,Jun,265.454,5094,1,1,1
2010,Centro-Sur,XIV,Sur,7,Jul,199.995,6360,1,1,1
2010,Centro-Sur,XIV,Sur,8,Ago,154.21,6812,1,1,1
2010,Centro-Sur,XIV,Sur,9,Sep,0,240,0,1,0
2010,Centro-Sur,XIV,Sur,10,Oct,0.34,5326,1,1,1
2010,Centro-Sur,XIV,Sur,11,Nov,34.568,12033,1,1,1
2010,Centro-Sur,XIV,Sur,12,Dic,69.117,16439,1,1,1
2011,Centro-Sur,V,Norte,1,Ene,0,0,0,0,0
2011,Centro-Sur,V,Norte,2,Feb,0,0,0,0,0
2011,Centro-Sur,V,Norte,3,Mar,1178.37,3774,1,1,1
2011,Centro-Sur,V,Norte,4,Abr,927.713,4537,1,1,1
2011,Centro-Sur,V,Norte,5,May,382.607,2252,1,1,1
2011,Centro-Sur,V,Norte,6,Jun,0,283,0,1,0
2011,Centro-Sur,V,Norte,7,Jul,0.006,263,1,1,1
2011,Centro-Sur,V,Norte,8,Ago,0.463,69,1,1,1
2011,Centro-Sur,V,Norte,9,Sep,0,1,0,1,0
2011,Centro-Sur,V,Norte,10,Oct,3.81,266,1,1,1
2011,Centro-Sur,V,Norte,11,Nov,0,1450,0,1,0
2011,Centro-Sur,V,Norte,12,Dic,0,488,0,1,0
2011,Centro-Sur,VI,Norte,1,Ene,0,0,0,0,0
2011,Centro-Sur,VI,Norte,2,Feb,0,0,0,0,0
2011,Centro-Sur,VI,Norte,3,Mar,0,0,0,0,0
2011,Centro-Sur,VI,Norte,4,Abr,0,0,0,0,0
2011,Centro-Sur,VI,Norte,5,May,0,0,0,0,0
2011,Centro-Sur,VI,Norte,6,Jun,0,0,0,0,0
2011,Centro-Sur,VI,Norte,7,Jul,0,0,0,0,0
2011,Centro-Sur,VI,Norte,8,Ago,0,0,0,0,0
2011,Centro-Sur,VI,Norte,9,Sep,0,0,0,0,0
2011,Centro-Sur,VI,Norte,10,Oct,0,0,0,0,0
2011,Centro-Sur,VI,Norte,11,Nov,0,0,0,0,0
2011,Centro-Sur,VI,Norte,12,Dic,0,0,0,0,0
2011,Centro-Sur,VII,Norte,1,Ene,0.002,0,1,1,1
2011,Centro-Sur,VII,Norte,2,Feb,0,0,0,0,0
2011,Centro-Sur,VII,Norte,3,Mar,53.836,1370,1,1,1
2011,Centro-Sur,VII,Norte,4,Abr,434.161,1379,1,1,1
2011,Centro-Sur,VII,Norte,5,May,217.924,716,1,1,1
2011,Centro-Sur,VII,Norte,6,Jun,0,1,0,1,0
2011,Centro-Sur,VII,Norte,7,Jul,0.02,1,1,1,1
2011,Centro-Sur,VII,Norte,8,Ago,0.03,0,1,1,1
2011,Centro-Sur,VII,Norte,9,Sep,0,0,0,1,0
2011,Centro-Sur,VII,Norte,10,Oct,0,0,0,1,0
2011,Centro-Sur,VII,Norte,11,Nov,0,0,0,1,0
2011,Centro-Sur,VII,Norte,12,Dic,0,0,0,1,0
2011,Centro-Sur,VIII,Centro,1,Ene,0,11,0,1,0
2011,Centro-Sur,VIII,Centro,2,Feb,71.091,11909,1,1,1
2011,Centro-Sur,VIII,Centro,3,Mar,21103.187,261484,1,1,1
2011,Centro-Sur,VIII,Centro,4,Abr,42545.46,133649,1,1,1
2011,Centro-Sur,VIII,Centro,5,May,11683.492,39392,1,1,1
2011,Centro-Sur,VIII,Centro,6,Jun,1491.794,13584,1,1,1
2011,Centro-Sur,VIII,Centro,7,Jul,597.018,12274,1,1,1
2011,Centro-Sur,VIII,Centro,8,Ago,141.864,16600,1,1,1
2011,Centro-Sur,VIII,Centro,9,Sep,9.637,836,1,1,1
2011,Centro-Sur,VIII,Centro,10,Oct,2965.159,36734,1,1,1
2011,Centro-Sur,VIII,Centro,11,Nov,2628.626,41841,1,1,1
2011,Centro-Sur,VIII,Centro,12,Dic,927.638,7952,1,1,1
2011,Centro-Sur,IX,Sur,1,Ene,0,0,0,0,0
2011,Centro-Sur,IX,Sur,2,Feb,0,0,0,0,0
2011,Centro-Sur,IX,Sur,3,Mar,23.211,3018,1,1,1
2011,Centro-Sur,IX,Sur,4,Abr,36.209,2682,1,1,1
2011,Centro-Sur,IX,Sur,5,May,3.74,776,1,1,1
2011,Centro-Sur,IX,Sur,6,Jun,0,0,0,0,0
2011,Centro-Sur,IX,Sur,7,Jul,0,106,0,1,0
2011,Centro-Sur,IX,Sur,8,Ago,0,28,0,1,0
2011,Centro-Sur,IX,Sur,9,Sep,0,0,0,0,0
2011,Centro-Sur,IX,Sur,10,Oct,0.7,71,1,1,1
2011,Centro-Sur,IX,Sur,11,Nov,2.884,922,1,1,1
2011,Centro-Sur,IX,Sur,12,Dic,1.291,495,1,1,1
2011,Centro-Sur,XIV,Sur,1,Ene,0,0,0,0,0
2011,Centro-Sur,XIV,Sur,2,Feb,3.898,8399,1,1,1
2011,Centro-Sur,XIV,Sur,3,Mar,167.06,21135,1,1,1
2011,Centro-Sur,XIV,Sur,4,Abr,192.235,16455,1,1,1
2011,Centro-Sur,XIV,Sur,5,May,0.005,3807,1,1,1
2011,Centro-Sur,XIV,Sur,6,Jun,43.318,5147,1,1,1
2011,Centro-Sur,XIV,Sur,7,Jul,199.075,2675,1,1,1
2011,Centro-Sur,XIV,Sur,8,Ago,0,182,0,1,0
2011,Centro-Sur,XIV,Sur,9,Sep,0,0,0,0,0
2011,Centro-Sur,XIV,Sur,10,Oct,0,2039,0,1,0
2011,Centro-Sur,XIV,Sur,11,Nov,8.47,11928,1,1,1
2011,Centro-Sur,XIV,Sur,12,Dic,46.209,4715,1,1,1
2012,Centro-Sur,V,Norte,1,Ene,0,13,0,1,0
2012,Centro-Sur,V,Norte,2,Feb,0,19,0,1,0
2012,Centro-Sur,V,Norte,3,Mar,7,44,1,1,1
2012,Centro-Sur,V,Norte,4,Abr,741.936,2995,1,1,1
2012,Centro-Sur,V,Norte,5,May,570.205,2404,1,1,1
2012,Centro-Sur,V,Norte,6,Jun,191.14,910,1,1,1
2012,Centro-Sur,V,Norte,7,Jul,103.71,590,1,1,1
2012,Centro-Sur,V,Norte,8,Ago,0,4,0,1,0
2012,Centro-Sur,V,Norte,9,Sep,0,6,0,1,0
2012,Centro-Sur,V,Norte,10,Oct,339.03,1312,1,1,1
2012,Centro-Sur,V,Norte,11,Nov,463.08,1374,1,1,1
2012,Centro-Sur,V,Norte,12,Dic,0,53,0,1,0
2012,Centro-Sur,VI,Norte,1,Ene,0,0,0,0,0
2012,Centro-Sur,VI,Norte,2,Feb,0,0,0,0,0
2012,Centro-Sur,VI,Norte,3,Mar,0,0,0,0,0
2012,Centro-Sur,VI,Norte,4,Abr,0,0,0,0,0
2012,Centro-Sur,VI,Norte,5,May,0,0,0,0,0
2012,Centro-Sur,VI,Norte,6,Jun,0,0,0,0,0
2012,Centro-Sur,VI,Norte,7,Jul,0,0,0,0,0
2012,Centro-Sur,VI,Norte,8,Ago,0,0,0,0,0
2012,Centro-Sur,VI,Norte,9,Sep,0,0,0,0,0
2012,Centro-Sur,VI,Norte,10,Oct,0,0,0,0,0
2012,Centro-Sur,VI,Norte,11,Nov,0,0,0,0,0
2012,Centro-Sur,VI,Norte,12,Dic,0,0,0,0,0
2012,Centro-Sur,VII,Norte,1,Ene,0,0,0,1,0
2012,Centro-Sur,VII,Norte,2,Feb,0,0,0,1,0
2012,Centro-Sur,VII,Norte,3,Mar,37.411,258,1,1,1
2012,Centro-Sur,VII,Norte,4,Abr,415.741,1108,1,1,1
2012,Centro-Sur,VII,Norte,5,May,61.3,211,1,1,1
2012,Centro-Sur,VII,Norte,6,Jun,9.69,96,1,1,1
2012,Centro-Sur,VII,Norte,7,Jul,63.777,488,1,1,1
2012,Centro-Sur,VII,Norte,8,Ago,0,13,0,1,0
2012,Centro-Sur,VII,Norte,9,Sep,0,0,0,0,0
2012,Centro-Sur,VII,Norte,10,Oct,85.201,220,1,1,1
2012,Centro-Sur,VII,Norte,11,Nov,46.133,491,1,1,1
2012,Centro-Sur,VII,Norte,12,Dic,11.635,720,1,1,1
2012,Centro-Sur,VIII,Centro,1,Ene,3.05,4,1,1,1
2012,Centro-Sur,VIII,Centro,2,Feb,6,19,1,1,1
2012,Centro-Sur,VIII,Centro,3,Mar,5264.897,202333,1,1,1
2012,Centro-Sur,VIII,Centro,4,Abr,27369.089,140301,1,1,1
2012,Centro-Sur,VIII,Centro,5,May,9308.3,26390,1,1,1
2012,Centro-Sur,VIII,Centro,6,Jun,1975.127,9160,1,1,1
2012,Centro-Sur,VIII,Centro,7,Jul,1433.745,31404,1,1,1
2012,Centro-Sur,VIII,Centro,8,Ago,58.383,4383,1,1,1
2012,Centro-Sur,VIII,Centro,9,Sep,34.339,198,1,1,1
2012,Centro-Sur,VIII,Centro,10,Oct,6503.929,24080,1,1,1
2012,Centro-Sur,VIII,Centro,11,Nov,2774.85,25022,1,1,1
2012,Centro-Sur,VIII,Centro,12,Dic,682.185,25235,1,1,1
2012,Centro-Sur,IX,Sur,1,Ene,0,0,0,0,0
2012,Centro-Sur,IX,Sur,2,Feb,0,0,0,0,0
2012,Centro-Sur,IX,Sur,3,Mar,2.38,3289,1,1,1
2012,Centro-Sur,IX,Sur,4,Abr,7.884,2301,1,1,1
2012,Centro-Sur,IX,Sur,5,May,43.157,1612,1,1,1
2012,Centro-Sur,IX,Sur,6,Jun,37.131,600,1,1,1
2012,Centro-Sur,IX,Sur,7,Jul,76.983,582,1,1,1
2012,Centro-Sur,IX,Sur,8,Ago,0.1,111,1,1,1
2012,Centro-Sur,IX,Sur,9,Sep,0,64,0,1,0
2012,Centro-Sur,IX,Sur,10,Oct,0,833,0,1,0
2012,Centro-Sur,IX,Sur,11,Nov,3.642,2161,1,1,1
2012,Centro-Sur,IX,Sur,12,Dic,0,724,0,1,0
2012,Centro-Sur,XIV,Sur,1,Ene,0,0,0,0,0
2012,Centro-Sur,XIV,Sur,2,Feb,0,12906,0,1,0
2012,Centro-Sur,XIV,Sur,3,Mar,340.555,20177,1,1,1
2012,Centro-Sur,XIV,Sur,4,Abr,7.793,14740,1,1,1
2012,Centro-Sur,XIV,Sur,5,May,144.001,11087,1,1,1
2012,Centro-Sur,XIV,Sur,6,Jun,1.149,1633,1,1,1
2012,Centro-Sur,XIV,Sur,7,Jul,0,1911,0,1,0
2012,Centro-Sur,XIV,Sur,8,Ago,4.308,5618,1,1,1
2012,Centro-Sur,XIV,Sur,9,Sep,0.01,829,1,1,1
2012,Centro-Sur,XIV,Sur,10,Oct,67.095,9415,1,1,1
2012,Centro-Sur,XIV,Sur,11,Nov,225.77,17600,1,1,1
2012,Centro-Sur,XIV,Sur,12,Dic,124.676,16110,1,1,1
2013,Centro-Sur,V,Norte,1,Ene,0,10,0,1,0
2013,Centro-Sur,V,Norte,2,Feb,0,0,0,0,0
2013,Centro-Sur,V,Norte,3,Mar,2430,2501,1,1,1
2013,Centro-Sur,V,Norte,4,Abr,1710,2092,1,1,1
2013,Centro-Sur,V,Norte,5,May,310,543,1,1,1
2013,Centro-Sur,V,Norte,6,Jun,0,7,0,1,0
2013,Centro-Sur,V,Norte,7,Jul,0,4,0,1,0
2013,Centro-Sur,V,Norte,8,Ago,0,3,0,1,0
2013,Centro-Sur,V,Norte,9,Sep,0,7,0,1,0
2013,Centro-Sur,V,Norte,10,Oct,0,12,0,1,0
2013,Centro-Sur,V,Norte,11,Nov,0,12,0,1,0
2013,Centro-Sur,V,Norte,12,Dic,0,8,0,1,0
2013,Centro-Sur,VI,Norte,1,Ene,0,0,0,0,0
2013,Centro-Sur,VI,Norte,2,Feb,0,0,0,0,0
2013,Centro-Sur,VI,Norte,3,Mar,0,0,0,0,0
2013,Centro-Sur,VI,Norte,4,Abr,0,0,0,0,0
2013,Centro-Sur,VI,Norte,5,May,0,0,0,0,0
2013,Centro-Sur,VI,Norte,6,Jun,0,0,0,0,0
2013,Centro-Sur,VI,Norte,7,Jul,0,0,0,0,0
2013,Centro-Sur,VI,Norte,8,Ago,0,0,0,0,0
2013,Centro-Sur,VI,Norte,9,Sep,0,0,0,0,0
2013,Centro-Sur,VI,Norte,10,Oct,0,0,0,0,0
2013,Centro-Sur,VI,Norte,11,Nov,0,0,0,0,0
2013,Centro-Sur,VI,Norte,12,Dic,0,0,0,0,0
2013,Centro-Sur,VII,Norte,1,Ene,0,0,0,0,0
2013,Centro-Sur,VII,Norte,2,Feb,0,0,0,0,0
2013,Centro-Sur,VII,Norte,3,Mar,0,0,0,0,0
2013,Centro-Sur,VII,Norte,4,Abr,0,0,0,0,0
2013,Centro-Sur,VII,Norte,5,May,0,0,0,0,0
2013,Centro-Sur,VII,Norte,6,Jun,0,0,0,0,0
2013,Centro-Sur,VII,Norte,7,Jul,0,0,0,0,0
2013,Centro-Sur,VII,Norte,8,Ago,0,0,0,0,0
2013,Centro-Sur,VII,Norte,9,Sep,0,3,0,1,0
2013,Centro-Sur,VII,Norte,10,Oct,0,0,0,0,0
2013,Centro-Sur,VII,Norte,11,Nov,0,0,0,0,0
2013,Centro-Sur,VII,Norte,12,Dic,0,0,0,0,0
2013,Centro-Sur,VIII,Centro,1,Ene,3,5,1,1,1
2013,Centro-Sur,VIII,Centro,2,Feb,16,974,1,1,1
2013,Centro-Sur,VIII,Centro,3,Mar,18799,51984,1,1,1
2013,Centro-Sur,VIII,Centro,4,Abr,5236,11997,1,1,1
2013,Centro-Sur,VIII,Centro,5,May,2528,11937,1,1,1
2013,Centro-Sur,VIII,Centro,6,Jun,1813,6363,1,1,1
2013,Centro-Sur,VIII,Centro,7,Jul,568,30138,1,1,1
2013,Centro-Sur,VIII,Centro,8,Ago,0,0,0,0,0
2013,Centro-Sur,VIII,Centro,9,Sep,0,3,0,1,0
2013,Centro-Sur,VIII,Centro,10,Oct,984,11440,1,1,1
2013,Centro-Sur,VIII,Centro,11,Nov,1858,30108,1,1,1
2013,Centro-Sur,VIII,Centro,12,Dic,2635,13987,1,1,1
2013,Centro-Sur,IX,Centro,1,Ene,0,0,0,0,0
2013,Centro-Sur,IX,Centro,2,Feb,0,0,0,0,0
2013,Centro-Sur,IX,Centro,3,Mar,0,0,0,0,0
2013,Centro-Sur,IX,Centro,4,Abr,0,0,0,0,0
2013,Centro-Sur,IX,Centro,5,May,0,0,0,0,0
2013,Centro-Sur,IX,Centro,6,Jun,0,0,0,0,0
2013,Centro-Sur,IX,Centro,7,Jul,0,0,0,0,0
2013,Centro-Sur,IX,Centro,8,Ago,0,0,0,0,0
2013,Centro-Sur,IX,Centro,9,Sep,0,0,0,0,0
2013,Centro-Sur,IX,Centro,10,Oct,0,0,0,0,0
2013,Centro-Sur,IX,Centro,11,Nov,0,1,0,1,0
2013,Centro-Sur,IX,Centro,12,Dic,0,0,0,0,0
2013,Centro-Sur,XIV,Centro,1,Ene,0,0,0,0,0
2013,Centro-Sur,XIV,Centro,2,Feb,225,9155,1,1,1
2013,Centro-Sur,XIV,Centro,3,Mar,321,12392,1,1,1
2013,Centro-Sur,XIV,Centro,4,Abr,465,8276,1,1,1
2013,Centro-Sur,XIV,Centro,5,May,548,6741,1,1,1
2013,Centro-Sur,XIV,Centro,6,Jun,1015,3660,1,1,1
2013,Centro-Sur,XIV,Centro,7,Jul,180,3192,1,1,1
2013,Centro-Sur,XIV,Centro,8,Ago,0,0,0,0,0
2013,Centro-Sur,XIV,Centro,9,Sep,0,0,0,0,0
2013,Centro-Sur,XIV,Centro,10,Oct,17,1569,1,1,1
2013,Centro-Sur,XIV,Centro,11,Nov,404,3864,1,1,1
2013,Centro-Sur,XIV,Centro,12,Dic,487,9723,1,1,1
2014,Centro-Sur,VIII,Centro,1,Ene,3,33,1,1,1
2014,Centro-Sur,VIII,Centro,2,Feb,703,15757,1,1,1
2014,Centro-Sur,VIII,Centro,3,Mar,9103,192286,1,1,1
2014,Centro-Sur,VIII,Centro,4,Abr,26699,114749,1,1,1
2014,Centro-Sur,VIII,Centro,5,May,8237,46367,1,1,1
2014,Centro-Sur,VIII,Centro,6,Jun,1350,42001,1,1,1
2014,Centro-Sur,VIII,Centro,7,Jul,2024,41596,1,1,1
2014,Centro-Sur,VIII,Centro,8,Ago,99,38,1,1,1
2014,Centro-Sur,VIII,Centro,9,Sep,1,1,1,1,1
2014,Centro-Sur,VIII,Centro,10,Oct,2286,32273,1,1,1
2014,Centro-Sur,VIII,Centro,11,Nov,2839,43425,1,1,1
2014,Centro-Sur,VIII,Centro,12,Dic,371,5645,1,1,1
2015,Centro-Sur,VIII,Centro,1,Ene,221,203,1,1,1
2015,Centro-Sur,VIII,Centro,2,Feb,125,16828,1,1,1
2015,Centro-Sur,VIII,Centro,3,Mar,1853,78024,1,1,1
2015,Centro-Sur,VIII,Centro,4,Abr,26994,100429,1,1,1
2015,Centro-Sur,VIII,Centro,5,May,15565,68138,1,1,1
2015,Centro-Sur,VIII,Centro,6,Jun,1567,12808,1,1,1
2015,Centro-Sur,VIII,Centro,7,Jul,834,12494,1,1,1
2015,Centro-Sur,VIII,Centro,8,Ago,63,4553,1,1,1
2015,Centro-Sur,VIII,Centro,9,Sep,41,25,1,1,1
2015,Centro-Sur,VIII,Centro,10,Oct,1656,33929,1,1,1
2015,Centro-Sur,VIII,Centro,11,Nov,9756,78426,1,1,1
2015,Centro-Sur,VIII,Centro,12,Dic,3100,22597,1,1,1
2015,Centro-Sur,VIII,Centro,1,Ene,221,203,1,1,1
2015,Centro-Sur,VIII,Centro,2,Feb,125,16828,1,1,1
2015,Centro-Sur,VIII,Centro,3,Mar,1853,65000,1,1,1
2015,Centro-Sur,VIII,Centro,4,Abr,26994,55125,1,1,1
2015,Centro-Sur,VIII,Centro,5,May,15565,57458,1,1,1
2015,Centro-Sur,VIII,Centro,6,Jun,1567,12808,1,1,1
2015,Centro-Sur,VIII,Centro,7,Jul,834,12494,1,1,1
2015,Centro-Sur,VIII,Centro,8,Ago,63,4553,1,1,1
2015,Centro-Sur,VIII,Centro,9,Sep,41,25,1,1,1
2015,Centro-Sur,VIII,Centro,10,Oct,1656,24125,1,1,1
2015,Centro-Sur,VIII,Centro,11,Nov,9756,45125,1,1,1
2015,Centro-Sur,VIII,Centro,12,Dic,3100,22597,1,1,1
2016,Centro-Sur,VIII,Centro,1,Ene,221,203,1,1,1
2016,Centro-Sur,VIII,Centro,2,Feb,125,25125,1,1,1
2016,Centro-Sur,VIII,Centro,3,Mar,1853,48512,1,1,1
2016,Centro-Sur,VIII,Centro,4,Abr,26994,45125,1,1,1
2016,Centro-Sur,VIII,Centro,5,May,12125,61214,1,1,1
2016,Centro-Sur,VIII,Centro,6,Jun,1567,12808,1,1,1
2016,Centro-Sur,VIII,Centro,7,Jul,834,12494,1,1,1
2016,Centro-Sur,VIII,Centro,8,Ago,63,4553,1,1,1
2016,Centro-Sur,VIII,Centro,9,Sep,41,25,1,1,1
2016,Centro-Sur,VIII,Centro,10,Oct,1656,29125,1,1,1
2016,Centro-Sur,VIII,Centro,11,Nov,9756,37458,1,1,1
2016,Centro-Sur,VIII,Centro,12,Dic,3100,22597,1,1,1
